loss,categorical_accuracy,val_loss,val_categorical_accuracy
0.36353233456611633,0.8558797240257263,0.11510360985994339,0.961461067199707
0.09387826174497604,0.9683433771133423,0.07650073617696762,0.9722278118133545
