loss,categorical_accuracy,val_loss,val_categorical_accuracy
0.3387618660926819,0.8699530363082886,0.1163053810596466,0.9607567191123962
