loss,categorical_accuracy,val_loss,val_categorical_accuracy
0.3076741397380829,0.8849703669548035,0.11271605640649796,0.9624459147453308
0.09100960940122604,0.9689489603042603,0.07577396184206009,0.9740464091300964
